number, url
1, https://abc.def.giaijngewf/asddfiawef/asdfaef
1, https://abc.def.giaijngewf/asddfiawef/asdfaef
1, https://abc.def.giaijngewf/asddfiawef/asdfaef
1, https://abc.def.giaijngewf/asddfiawef/asdfaef
1, https://abc.def.giaijngewf/asddfiawef/asdfaef
1, https://abc.def.giaijngewf/asddfiawef/asdfaef
1, https://abc.def.giaijngewf/asddfiawef/asdfaef
1, https://abc.def.giaijngewf/asddfiawef/asdfaef
1, https://abc.def.giaijngewf/asddfiawef/asdfaef
1, https://abc.def.giaijngewf/asddfiawef/asdfaef
1, https://abc.def.giaijngewf/asddfiawef/asdfaef
1, https://abc.def.giaijngewf/asddfiawef/asdfaef
1, https://abc.def.giaijngewf/asddfiawef/asdfaef
1, https://abc.def.giaijngewf/asddfiawef/asdfaef
1, https://abc.def.giaijngewf/asddfiawef/asdfaef
1, https://abc.def.giaijngewf/asddfiawef/asdfaef
1, https://abc.def.giaijngewf/asddfiawef/asdfaef
1, https://abc.def.giaijngewf/asddfiawef/asdfaef
1, https://abc.def.giaijngewf/asddfiawef/asdfaef
1, https://abc.def.giaijngewf/asddfiawef/asdfaef
1, https://abc.def.giaijngewf/asddfiawef/asdfaef
1, https://abc.def.giaijngewf/asddfiawef/asdfaef
1, https://abc.def.giaijngewf/asddfiawef/asdfaef
1, https://abc.def.giaijngewf/asddfiawef/asdfaef
1, https://abc.def.giaijngewf/asddfiawef/asdfaef
1, https://abc.def.giaijngewf/asddfiawef/asdfaef
1, https://abc.def.giaijngewf/asddfiawef/asdfaef
1, https://abc.def.giaijngewf/asddfiawef/asdfaef
1, https://abc.def.giaijngewf/asddfiawef/asdfaef
1, https://abc.def.giaijngewf/asddfiawef/asdfaef
1, https://abc.def.giaijngewf/asddfiawef/asdfaef
1, https://abc.def.giaijngewf/asddfiawef/asdfaef
1, https://abc.def.giaijngewf/asddfiawef/asdfaef
1, https://abc.def.giaijngewf/asddfiawef/asdfaef
1, https://abc.def.giaijngewf/asddfiawef/asdfaef
1, https://abc.def.giaijngewf/asddfiawef/asdfaef
1, https://abc.def.giaijngewf/asddfiawef/asdfaef
1, https://abc.def.giaijngewf/asddfiawef/asdfaef
1, https://abc.def.giaijngewf/asddfiawef/asdfaef
1, https://abc.def.giaijngewf/asddfiawef/asdfaef
1, https://abc.def.giaijngewf/asddfiawef/asdfaef
1, https://abc.def.giaijngewf/asddfiawef/asdfaef
1, https://abc.def.giaijngewf/asddfiawef/asdfaef
1, https://abc.def.giaijngewf/asddfiawef/asdfaef
1, https://abc.def.giaijngewf/asddfiawef/asdfaef
1, https://abc.def.giaijngewf/asddfiawef/asdfaef
1, https://abc.def.giaijngewf/asddfiawef/asdfaef
1, https://abc.def.giaijngewf/asddfiawef/asdfaef
1, https://abc.def.giaijngewf/asddfiawef/asdfaef
1, https://abc.def.giaijngewf/asddfiawef/asdfaef
1, https://abc.def.giaijngewf/asddfiawef/asdfaef
1, https://abc.def.giaijngewf/asddfiawef/asdfaef
1, https://abc.def.giaijngewf/asddfiawef/asdfaef
1, https://abc.def.giaijngewf/asddfiawef/asdfaef
1, https://abc.def.giaijngewf/asddfiawef/asdfaef
1, https://abc.def.giaijngewf/asddfiawef/asdfaef
1, https://abc.def.giaijngewf/asddfiawef/asdfaef
1, https://abc.def.giaijngewf/asddfiawef/asdfaef
1, https://abc.def.giaijngewf/asddfiawef/asdfaef
1, https://abc.def.giaijngewf/asddfiawef/asdfaef
1, https://abc.def.giaijngewf/asddfiawef/asdfaef
1, https://abc.def.giaijngewf/asddfiawef/asdfaef
1, https://abc.def.giaijngewf/asddfiawef/asdfaef
1, https://abc.def.giaijngewf/asddfiawef/asdfaef
1, https://abc.def.giaijngewf/asddfiawef/asdfaef
1, https://abc.def.giaijngewf/asddfiawef/asdfaef
1, https://abc.def.giaijngewf/asddfiawef/asdfaef
1, https://abc.def.giaijngewf/asddfiawef/asdfaef
1, https://abc.def.giaijngewf/asddfiawef/asdfaef
1, https://abc.def.giaijngewf/asddfiawef/asdfaef
1, https://abc.def.giaijngewf/asddfiawef/asdfaef
1, https://abc.def.giaijngewf/asddfiawef/asdfaef
1, https://abc.def.giaijngewf/asddfiawef/asdfaef
1, https://abc.def.giaijngewf/asddfiawef/asdfaef
1, https://abc.def.giaijngewf/asddfiawef/asdfaef
1, https://abc.def.giaijngewf/asddfiawef/asdfaef
1, https://abc.def.giaijngewf/asddfiawef/asdfaef
1, https://abc.def.giaijngewf/asddfiawef/asdfaef
1, https://abc.def.giaijngewf/asddfiawef/asdfaef
1, https://abc.def.giaijngewf/asddfiawef/asdfaef
1, https://abc.def.giaijngewf/asddfiawef/asdfaef
1, https://abc.def.giaijngewf/asddfiawef/asdfaef
1, https://abc.def.giaijngewf/asddfiawef/asdfaef
1, https://abc.def.giaijngewf/asddfiawef/asdfaef
1, https://abc.def.giaijngewf/asddfiawef/asdfaef
1, https://abc.def.giaijngewf/asddfiawef/asdfaef
1, https://abc.def.giaijngewf/asddfiawef/asdfaef
1, https://abc.def.giaijngewf/asddfiawef/asdfaef
1, https://abc.def.giaijngewf/asddfiawef/asdfaef
1, https://abc.def.giaijngewf/asddfiawef/asdfaef
1, https://abc.def.giaijngewf/asddfiawef/asdfaef
1, https://abc.def.giaijngewf/asddfiawef/asdfaef
1, https://abc.def.giaijngewf/asddfiawef/asdfaef
1, https://abc.def.giaijngewf/asddfiawef/asdfaef
1, https://abc.def.giaijngewf/asddfiawef/asdfaef
1, https://abc.def.giaijngewf/asddfiawef/asdfaef
1, https://abc.def.giaijngewf/asddfiawef/asdfaef
1, https://abc.def.giaijngewf/asddfiawef/asdfaef
1, https://abc.def.giaijngewf/asddfiawef/asdfaef
1, https://abc.def.giaijngewf/asddfiawef/asdfaef
1, https://abc.def.giaijngewf/asddfiawef/asdfaef
1, https://abc.def.giaijngewf/asddfiawef/asdfaef
1, https://abc.def.giaijngewf/asddfiawef/asdfaef
1, https://abc.def.giaijngewf/asddfiawef/asdfaef
1, https://abc.def.giaijngewf/asddfiawef/asdfaef
1, https://abc.def.giaijngewf/asddfiawef/asdfaef
1, https://abc.def.giaijngewf/asddfiawef/asdfaef
1, https://abc.def.giaijngewf/asddfiawef/asdfaef
1, https://abc.def.giaijngewf/asddfiawef/asdfaef
1, https://abc.def.giaijngewf/asddfiawef/asdfaef
1, https://abc.def.giaijngewf/asddfiawef/asdfaef
1, https://abc.def.giaijngewf/asddfiawef/asdfaef
1, https://abc.def.giaijngewf/asddfiawef/asdfaef
1, https://abc.def.giaijngewf/asddfiawef/asdfaef
1, https://abc.def.giaijngewf/asddfiawef/asdfaef
1, https://abc.def.giaijngewf/asddfiawef/asdfaef
1, https://abc.def.giaijngewf/asddfiawef/asdfaef
1, https://abc.def.giaijngewf/asddfiawef/asdfaef
1, https://abc.def.giaijngewf/asddfiawef/asdfaef
1, https://abc.def.giaijngewf/asddfiawef/asdfaef
1, https://abc.def.giaijngewf/asddfiawef/asdfaef
1, https://abc.def.giaijngewf/asddfiawef/asdfaef
1, https://abc.def.giaijngewf/asddfiawef/asdfaef
1, https://abc.def.giaijngewf/asddfiawef/asdfaef
1, https://abc.def.giaijngewf/asddfiawef/asdfaef
1, https://abc.def.giaijngewf/asddfiawef/asdfaef
1, https://abc.def.giaijngewf/asddfiawef/asdfaef
1, https://abc.def.giaijngewf/asddfiawef/asdfaef
1, https://abc.def.giaijngewf/asddfiawef/asdfaef
1, https://abc.def.giaijngewf/asddfiawef/asdfaef
1, https://abc.def.giaijngewf/asddfiawef/asdfaef
1, https://abc.def.giaijngewf/asddfiawef/asdfaef
1, https://abc.def.giaijngewf/asddfiawef/asdfaef
1, https://abc.def.giaijngewf/asddfiawef/asdfaef
1, https://abc.def.giaijngewf/asddfiawef/asdfaef
1, https://abc.def.giaijngewf/asddfiawef/asdfaef
1, https://abc.def.giaijngewf/asddfiawef/asdfaef
1, https://abc.def.giaijngewf/asddfiawef/asdfaef
1, https://abc.def.giaijngewf/asddfiawef/asdfaef
1, https://abc.def.giaijngewf/asddfiawef/asdfaef
1, https://abc.def.giaijngewf/asddfiawef/asdfaef
1, https://abc.def.giaijngewf/asddfiawef/asdfaef
1, https://abc.def.giaijngewf/asddfiawef/asdfaef
1, https://abc.def.giaijngewf/asddfiawef/asdfaef
1, https://abc.def.giaijngewf/asddfiawef/asdfaef
1, https://abc.def.giaijngewf/asddfiawef/asdfaef
1, https://abc.def.giaijngewf/asddfiawef/asdfaef
1, https://abc.def.giaijngewf/asddfiawef/asdfaef
1, https://abc.def.giaijngewf/asddfiawef/asdfaef
1, https://abc.def.giaijngewf/asddfiawef/asdfaef
1, https://abc.def.giaijngewf/asddfiawef/asdfaef
1, https://abc.def.giaijngewf/asddfiawef/asdfaef
1, https://abc.def.giaijngewf/asddfiawef/asdfaef
1, https://abc.def.giaijngewf/asddfiawef/asdfaef
1, https://abc.def.giaijngewf/asddfiawef/asdfaef
1, https://abc.def.giaijngewf/asddfiawef/asdfaef
1, https://abc.def.giaijngewf/asddfiawef/asdfaef
1, https://abc.def.giaijngewf/asddfiawef/asdfaef
1, https://abc.def.giaijngewf/asddfiawef/asdfaef
1, https://abc.def.giaijngewf/asddfiawef/asdfaef
1, https://abc.def.giaijngewf/asddfiawef/asdfaef
1, https://abc.def.giaijngewf/asddfiawef/asdfaef
1, https://abc.def.giaijngewf/asddfiawef/asdfaef
1, https://abc.def.giaijngewf/asddfiawef/asdfaef
1, https://abc.def.giaijngewf/asddfiawef/asdfaef
1, https://abc.def.giaijngewf/asddfiawef/asdfaef
1, https://abc.def.giaijngewf/asddfiawef/asdfaef
1, https://abc.def.giaijngewf/asddfiawef/asdfaef
1, https://abc.def.giaijngewf/asddfiawef/asdfaef
1, https://abc.def.giaijngewf/asddfiawef/asdfaef
1, https://abc.def.giaijngewf/asddfiawef/asdfaef
1, https://abc.def.giaijngewf/asddfiawef/asdfaef
1, https://abc.def.giaijngewf/asddfiawef/asdfaef
1, https://abc.def.giaijngewf/asddfiawef/asdfaef
1, https://abc.def.giaijngewf/asddfiawef/asdfaef
1, https://abc.def.giaijngewf/asddfiawef/asdfaef
1, https://abc.def.giaijngewf/asddfiawef/asdfaef
1, https://abc.def.giaijngewf/asddfiawef/asdfaef
1, https://abc.def.giaijngewf/asddfiawef/asdfaef
1, https://abc.def.giaijngewf/asddfiawef/asdfaef
1, https://abc.def.giaijngewf/asddfiawef/asdfaef
1, https://abc.def.giaijngewf/asddfiawef/asdfaef
1, https://abc.def.giaijngewf/asddfiawef/asdfaef
1, https://abc.def.giaijngewf/asddfiawef/asdfaef
1, https://abc.def.giaijngewf/asddfiawef/asdfaef
1, https://abc.def.giaijngewf/asddfiawef/asdfaef
1, https://abc.def.giaijngewf/asddfiawef/asdfaef
1, https://abc.def.giaijngewf/asddfiawef/asdfaef
1, https://abc.def.giaijngewf/asddfiawef/asdfaef
1, https://abc.def.giaijngewf/asddfiawef/asdfaef
1, https://abc.def.giaijngewf/asddfiawef/asdfaef
1, https://abc.def.giaijngewf/asddfiawef/asdfaef
1, https://abc.def.giaijngewf/asddfiawef/asdfaef
1, https://abc.def.giaijngewf/asddfiawef/asdfaef
1, https://abc.def.giaijngewf/asddfiawef/asdfaef
1, https://abc.def.giaijngewf/asddfiawef/asdfaef
1, https://abc.def.giaijngewf/asddfiawef/asdfaef
1, https://abc.def.giaijngewf/asddfiawef/asdfaef
1, https://abc.def.giaijngewf/asddfiawef/asdfaef
1, https://abc.def.giaijngewf/asddfiawef/asdfaef
1, https://abc.def.giaijngewf/asddfiawef/asdfaef
1, https://abc.def.giaijngewf/asddfiawef/asdfaef
1, https://abc.def.giaijngewf/asddfiawef/asdfaef
1, https://abc.def.giaijngewf/asddfiawef/asdfaef
1, https://abc.def.giaijngewf/asddfiawef/asdfaef
1, https://abc.def.giaijngewf/asddfiawef/asdfaef
1, https://abc.def.giaijngewf/asddfiawef/asdfaef
1, https://abc.def.giaijngewf/asddfiawef/asdfaef
1, https://abc.def.giaijngewf/asddfiawef/asdfaef
1, https://abc.def.giaijngewf/asddfiawef/asdfaef
1, https://abc.def.giaijngewf/asddfiawef/asdfaef
1, https://abc.def.giaijngewf/asddfiawef/asdfaef
1, https://abc.def.giaijngewf/asddfiawef/asdfaef
1, https://abc.def.giaijngewf/asddfiawef/asdfaef
1, https://abc.def.giaijngewf/asddfiawef/asdfaef
1, https://abc.def.giaijngewf/asddfiawef/asdfaef
1, https://abc.def.giaijngewf/asddfiawef/asdfaef
1, https://abc.def.giaijngewf/asddfiawef/asdfaef
1, https://abc.def.giaijngewf/asddfiawef/asdfaef
1, https://abc.def.giaijngewf/asddfiawef/asdfaef
1, https://abc.def.giaijngewf/asddfiawef/asdfaef
1, https://abc.def.giaijngewf/asddfiawef/asdfaef
1, https://abc.def.giaijngewf/asddfiawef/asdfaef
1, https://abc.def.giaijngewf/asddfiawef/asdfaef
1, https://abc.def.giaijngewf/asddfiawef/asdfaef
1, https://abc.def.giaijngewf/asddfiawef/asdfaef
1, https://abc.def.giaijngewf/asddfiawef/asdfaef
1, https://abc.def.giaijngewf/asddfiawef/asdfaef
1, https://abc.def.giaijngewf/asddfiawef/asdfaef
1, https://abc.def.giaijngewf/asddfiawef/asdfaef
1, https://abc.def.giaijngewf/asddfiawef/asdfaef
1, https://abc.def.giaijngewf/asddfiawef/asdfaef
1, https://abc.def.giaijngewf/asddfiawef/asdfaef
1, https://abc.def.giaijngewf/asddfiawef/asdfaef
