link,upload_date,등장인물,pro_actor,id
https://www.youtube.com/watch?v=fUjuy3xASDc,202208,eimi_fukada,False,
https://www.youtube.com/watch?v=ZDh1C7qw0Rs,202010,,False,
https://www.youtube.com/watch?v=JlbEULIZ_Ik,202207,Ken Shimizu,False,
https://www.youtube.com/watch?v=soHbTjekCs8,201810,낭만호구,False,
https://www.youtube.com/watch?v=_GPN_xkf0aA,202208,Meg_Fujiura,False,
https://www.youtube.com/watch?v=zqCPkdN5rik,202209,mikami_yua,False,
https://www.youtube.com/watch?v=dQqVlUda25c&t=1965s,202001,,False,
https://www.youtube.com/watch?v=1KjurNirq1I&list=RDCMUC7iAOLiALt2rtMVAWWl4pnw&index=2,202110,,False,
https://www.youtube.com/watch?v=e3PPRdxkAKs&list=RDCMUC7iAOLiALt2rtMVAWWl4pnw&index=3,202203,,False,
https://www.youtube.com/watch?v=_JYWIcvYA8Q&list=PLHLlvajijrs589TDMJcOn7F6MfbXG8Mh_&index=6&t=437s,202209,다수인원등장,False,
https://www.youtube.com/watch?v=cDUdX-RYuQg&t=857s,201910,,False,
https://www.youtube.com/watch?v=yvCP6_pXjAk,202207,정답영상,False,
https://www.youtube.com/watch?v=llB_mu2Wz2g&list=PLHLlvajijrs589TDMJcOn7F6MfbXG8Mh_&index=13,202209,다수인원 등장,False,
https://www.youtube.com/watch?v=l2s-xBVCss8,202107,,False,
https://www.youtube.com/watch?v=NShIwx-uzO4,202103,,False,
https://www.youtube.com/watch?v=eXDuKrw_FpA&list=PLHLlvajijrs589TDMJcOn7F6MfbXG8Mh_&index=7,202208,1시간 이상 영상,False,
https://www.youtube.com/watch?v=_6yWBTnF3vU&t=218s,202207,,False,
https://www.youtube.com/watch?v=0p1DEMaAeCg,202110,,False,
https://www.youtube.com/watch?v=yvCP6_pXjAk,202208,정답영상,False,
