link,upload_date,등장인물,pro_actor,id,total_len
https://www.youtube.com/watch?v=fUjuy3xASDc,202208,eimi_fukada,False,,9:53
https://www.youtube.com/watch?v=ZDh1C7qw0Rs,202010,,False,,52:43
https://www.youtube.com/watch?v=JlbEULIZ_Ik,202207,Ken Shimizu,False,,4:01
https://www.youtube.com/watch?v=soHbTjekCs8,201810,낭만호구,False,,4:09
https://www.youtube.com/watch?v=_GPN_xkf0aA,202208,Meg_Fujiura,False,,2:50
https://www.youtube.com/watch?v=zqCPkdN5rik,202209,mikami_yua,False,,3:12
https://www.youtube.com/watch?v=dQqVlUda25c,202001,,False,,43:41
https://www.youtube.com/watch?v=1KjurNirq1I,202110,,False,,1:51
https://www.youtube.com/watch?v=e3PPRdxkAKs,202203,,False,,5:53
https://www.youtube.com/watch?v=_JYWIcvYA8Q,202209,다수인원등장,False,,35:24
https://www.youtube.com/watch?v=cDUdX-RYuQg,201910,,False,,25:41
https://www.youtube.com/watch?v=yvCP6_pXjAk,202207,정답영상,False,,4:46
https://www.youtube.com/watch?v=llB_mu2Wz2g,202209,다수인원 등장,False,,1:02
https://www.youtube.com/watch?v=l2s-xBVCss8,202107,,False,,9:34
https://www.youtube.com/watch?v=NShIwx-uzO4,202103,,False,,5:05
https://www.youtube.com/watch?v=eXDuKrw_FpA,202208,1시간 이상 영상,False,,1:29:25
https://www.youtube.com/watch?v=_6yWBTnF3vU,202207,,False,,49:23
https://www.youtube.com/watch?v=0p1DEMaAeCg,202110,,False,,21:48
https://www.youtube.com/watch?v=yvCP6_pXjAk,202208,정답영상,False,,4:46